"ids","bday","Gender","Age","Athlete","Smoking","Height","Weight","Mile","MileMinDur","Rank","Major","expgradyear","expgradmonth","State","LiveOnCampus","HowCommute","CommuteTime","SleepTime","StudyTime","English","Reading","Math","Science","E_1","E_6","E_11","E_16","E_21","E_26","E_31","E_36"
20055,"1995-08-06","0",24,"1",1,64.5,127.5,494,"0:08:14",3,,2022,"December","In state",0,3,31,5,6,64,79,67,65,3,4,4,3,3,2,4,3
20075,,"0",,"0",1,74,195.5,441,"0:07:21",1,"journalism",2024,"December","In state",0,3,25,7,2,74,67,72,73,4,3,3,3,5,3,4,2
20087,,"0",,"0",1,68.5,153,,,2,,2024,"May","In state",1,,,5,6,87,89,76,81,4,5,2,3,5,3,4,4
20088,"2001-01-08","1",18,"0",,67.5,158.5,514,"0:08:34",1,"Art history",2024,"December","In state",1,,,,8,90,94,66,69,3,5,3,1,5,3,5,3
20135,"1998-12-26","0",20,"0",1,75,152,450,"0:07:30",3,"bachelor of fine arts in theater",2020,"December","In state",0,3,25,,13,71,70,66,68,5,1,7,5,2,5,1,7
20161,"2000-12-02","1",18,"1",1,73.5,177.5,403,"0:06:43",2,"Performing arts",2025,"May","Out of state",0,3,24,6,9,68,64,60,61,3,4,4,2,2,3,4,3
20188,"2001-08-06","0",18,"0",1,76,181,,,1,,2022,"December","In state",1,,,8,6,84,78,69,78,5,2,4,4,3,3,3,4
20215,"1997-08-05","0",22,"0",2,76,155.5,563,"0:09:23",1,,2024,"May","In state",1,,,12,4,78,75,,62,4,5,3,2,4,4,5,3
20250,"1994-12-14",,24,"0",1,66.5,119,653,"0:10:53",3,,,,"In state",0,4,35,6,12,81,,72,66,3,2,4,4,4,3,3,2
20354,"1999-08-05","1",20,"0",1,62.5,147.5,684,"0:11:24",2,"Business and stats",2023,"May","In state",1,,,8,5,93,86,70,67,2,5,2,4,5,2,5,2
20640,"2000-05-31","1",19,"0",1,63,161,798,"0:13:18",1,,,,"Out of state",1,,,8,3,75,68,49,60,4,3,4,3,3,3,3,5
20739,"1999-06-23","1",20,"0",1,72,190.5,612,"0:10:12",,,2025,"May","In state",0,3,27,11,2,,91,82,80,5,3,2,4,6,3,4,2
20990,"1998-06-08","1",21,"1",1,64,118,423,"0:07:03",2,,2021,"December","In state",1,,,7,2,67,75,60,69,6,3,4,4,3,6,2,6
21077,"1998-01-10","1",21,"0",1,66.5,190,609,"0:10:09",2,"Engineering",2023,"December","Out of state",0,3,27,8,5,82,73,56,54,5,4,3,4,5,4,4,3
21096,,"0",,"1",1,74,,381,"0:06:21",1,"social work",2025,"May","In state",0,3,43,6,2,93,84,67,52,5,1,7,5,1,6,1,6
21238,"1998-12-22","0",20,"1",1,68,132.5,426,"0:07:06",2,"communications with minor in spanish",,,"In state",1,,,8,3,84,71,77,69,6,4,2,4,3,5,3,4
21383,"1998-10-04","0",20,"1",1,72,,377,"0:06:17",2,"Speech Pathology and Audiology",2025,"May","In state",0,3,30,10,,70,82,73,75,5,4,5,4,3,5,3,4
21472,"1999-04-26","0",20,"0",1,65.5,,507,"0:08:27",1,"Biomedical engineering",,,"In state",1,,,10,5,67,77,79,69,5,2,5,6,2,6,1,4
21488,"1998-09-28","1",20,"0",,65,131,386,"0:06:26",3,"Biomedical engineering",2023,"May","Out of state",0,3,21,6,,94,87,71,63,6,4,5,6,1,7,2,6
21498,,"1",,"1",1,62.5,148.5,430,"0:07:10",1,"graphic design",2022,"December","In state",1,,,7,2,75,77,70,61,4,4,3,3,4,4,3,5
21505,"1999-11-06","0",19,"0",1,63.5,116.5,337,"0:05:37",2,"communications",2023,"May","In state",1,,,7,5,75,81,67,73,6,2,5,6,1,7,2,5
21615,"1998-11-07","0",20,"0",1,73.5,201,537,"0:08:57",2,"nursing",2025,"May","In state",0,3,17,11,5,81,81,69,66,6,3,4,5,4,5,4,2
21676,"1999-09-26","1",19,"0",1,72,214,616,"0:10:16",2,,2021,"December","In state",1,,,10,,93,85,,56,5,3,5,4,2,4,2,4
21861,"1999-05-23","0",20,"1",3,75.5,186,393,"0:06:33",1,,2023,"December","In state",1,,,6,3,78,72,67,68,6,2,5,7,4,5,2,4
21941,"1999-03-23","1",20,"0",1,59,128.5,558,"0:09:18",2,"Supply Chain Management",2023,"December","In state",0,3,22,7,,72,81,61,67,4,4,4,4,2,5,2,5
21993,"1999-05-20","1",20,"0",1,,,666,"0:11:06",1,"photograPhy",2026,"May","Out of state",1,,,4,4,77,96,65,81,3,4,3,4,5,3,5,1
22054,"2000-07-29","1",19,"1",1,66,146.5,473,"0:07:53",2,"Criminology",2025,"May","In state",0,2,4,6,7,86,83,65,55,6,3,6,5,2,5,2,5
22088,"1996-02-03","1",23,"1",1,65,147.5,347,"0:05:47",1,"Ethnomusicology",2022,"December","Out of state",0,3,33,10,0,79,87,71,73,5,3,5,4,3,5,3,5
22210,"1998-12-25","1",20,"1",1,67,170,427,"0:07:07",3,"Mechanical engineering",2021,"December","In state",0,1,14,9,8,87,74,75,71,7,1,5,7,3,6,2,5
22224,,"0",,"0",1,,187,355,"0:05:55",2,"english (pre-law)",2024,"May","In state",0,4,30,5,8,87,81,65,64,5,3,5,4,3,4,3,5
22256,"1999-02-18","1",20,"1",1,67,170,427,"0:07:07",2,,2022,"December",,1,,,9,6,83,97,75,63,7,1,7,5,1,7,1,6
22306,"2001-02-26",,18,"1",1,72.5,,376,"0:06:16",1,"social work",2022,"December","In state",0,3,11,11,5,104,91,80,80,5,3,4,4,5,3,3,5
22319,"1994-06-01",,25,"0",3,60.5,112.5,646,"0:10:46",4,"Environmental science and geology",,,"In state",0,2,4,6,19,82,80,71,68,7,2,5,6,3,6,1,6
22410,"2000-10-03","0",18,"0",2,72.5,224,409,"0:06:49",1,,2024,"December","In state",0,3,29,6,7,70,69,71,64,3,1,7,4,1,3,2,5
22412,"2000-12-04","0",18,"0",1,69.5,197.5,,,,,2023,"May","Out of state",0,3,21,5,10,75,76,62,69,5,4,3,3,4,4,4,5
22507,"1998-10-15","1",20,"1",1,63.5,154.5,499,"0:08:19",1,,2023,"December","Out of state",0,4,39,7,4,88,95,87,86,5,2,5,5,2,6,2,5
22611,"1999-03-03","1",20,"1",1,69,158,328,"0:05:28",1,"Zoology",2023,"December","In state",1,,,9,9,,80,61,69,2,3,3,3,4,2,4,3
22620,"1998-09-11","0",20,"0",2,66.5,121,531,"0:08:51",2,,2022,"December","In state",1,,,4,12,99,,,85,4,4,4,4,4,4,4,2
22773,,"0",,"0",1,67,138,378,"0:06:18",3,"nursing",2024,"May","In state",0,4,36,4,11,73,71,70,64,3,3,4,3,4,3,4,4
22820,"1990-09-19","0",28,"0",1,74,220,325,"0:05:25",4,,2019,"December","In state",0,1,22,3,16,,73,74,63,5,4,4,2,3,5,3,4
22891,"1999-08-31","1",19,"1",1,,130,440,"0:07:20",2,"bio and chem",2023,"December","In state",1,,,6,,81,73,77,68,3,3,4,3,5,2,3,5
23056,"1999-10-14","1",19,"0",,64,129,599,"0:09:59",1,"Comp Sci",2022,"December","In state",1,,,13,3,81,76,63,60,7,1,7,6,1,7,1,6
23143,"2000-06-11","0",19,"0",1,69.5,164,390,"0:06:30",1,"biologie",2026,"May","In state",1,,,10,4,83,83,55,62,4,3,5,4,3,4,3,4
23147,"1999-11-27","1",19,"0",2,,105,,,2,"interior design",2024,"May","In state",0,3,26,6,8,74,61,55,59,5,3,3,5,4,4,2,5
23150,"2000-05-15","1",19,"0",1,64,,752,"0:12:32",1,"Special Education",,,,1,,,7,4,81,81,73,69,5,2,4,4,5,3,4,5
23177,"2000-06-21","0",19,"1",1,70,155.5,452,"0:07:32",1,"Education - K-12",2023,"December","In state",0,3,24,6,7,82,84,60,67,5,2,4,5,5,3,4,3
23205,"1999-07-03","1",20,"1",1,,186,377,"0:06:17",3,,2023,"May","In state",0,3,31,3,15,79,74,58,56,3,7,2,2,5,3,6,2
23239,"1996-10-13","0",22,"1",1,72.5,182.5,454,"0:07:34",2,,2022,"December","Out of state",1,,,4,,99,86,70,75,2,4,2,2,5,1,5,2
23288,"2001-05-05","1",18,"1",1,66.5,135,379,"0:06:19",1,"marketing",2026,"May","In state",0,3,23,8,,90,90,72,62,2,4,4,1,3,2,4,4
23326,"2000-11-04","1",18,"1",1,63.5,129.5,463,"0:07:43",1,"phsycology",,,"In state",1,,,6,2,91,88,67,63,5,4,3,4,4,4,4,5
23461,,"0",,"1",1,71,164,359,"0:05:59",2,"History Education",2024,"May","In state",0,4,40,,12,93,81,76,73,5,3,3,3,4,4,4,3
23713,"1995-07-27","1",24,"1",1,66,127,453,"0:07:33",4,"biology",2021,"December","In state",0,3,35,,17,78,75,71,69,5,3,4,4,3,5,3,4
23742,"2000-03-06","0",19,"0",1,66.5,130.5,463,"0:07:43",1,,2022,"December","Out of state",0,3,28,5,7,78,71,,78,4,2,4,3,3,2,3,5
23743,"2001-04-22","0",18,"0",1,75,,466,"0:07:46",1,"English with minor in spanish",2024,"December","In state",1,,,13,3,82,83,54,61,4,3,4,4,4,5,3,4
23776,"1996-12-11","0",22,"0",1,75.5,187.5,470,"0:07:50",3,,2022,"May","In state",0,2,6,6,8,62,69,69,70,3,4,4,4,3,4,3,4
23854,,"1",,"0",1,63,144,769,"0:12:49",1,"Art Education",2023,"December","Out of state",1,,,9,7,87,78,52,55,4,3,3,3,4,3,3,4
23958,"1994-01-27","0",25,"0",3,70,157,504,"0:08:24",4,,2021,"May","In state",0,2,8,10,12,82,88,,61,4,3,4,5,3,4,2,3
23979,"2000-07-09","1",19,"0",1,69,180,554,"0:09:14",1,,2024,"May","In state",1,,,6,6,80,72,63,56,3,4,3,2,4,3,4,3
24047,"1997-09-09",,21,"0",1,69,145.5,326,"0:05:26",3,"Premed",2022,"May","In state",0,3,30,7,4,87,80,64,68,4,3,4,3,5,2,5,3
24053,"2000-12-01","0",18,"0",1,,157.5,465,"0:07:45",1,,2026,"May","In state",1,,,7,7,79,68,64,53,5,3,3,5,4,4,3,4
24187,,"0",,"0",1,69,181.5,489,"0:08:09",4,"finace",2023,"May","Out of state",0,1,10,5,,74,71,61,66,4,3,4,4,3,5,2,6
24234,"1998-06-17","0",21,"1",1,,,382,"0:06:22",,"switched from sports medicine to nursing",,,"Out of state",0,3,27,7,7,,84,62,75,4,5,3,3,5,3,5,2
24265,,"1",,"0",1,59,108,358,"0:05:58",3,"biomed eng",2022,"May","In state",0,4,32,3,16,79,73,64,69,5,3,4,5,2,5,3,3
24342,"1996-05-22","1",23,"0",1,72,157.5,417,"0:06:57",4,,2021,"May","In state",0,3,17,6,17,,79,59,73,5,2,4,4,3,4,2,5
24402,"1998-07-14","0",21,"0",1,76.5,,470,"0:07:50",3,"nurs",,,"In state",1,,,6,5,72,76,66,72,5,4,3,4,4,5,4,2
24484,"1999-03-20","0",20,"0",1,74.5,167,420,"0:07:00",1,,2026,"May","In state",1,,,9,2,87,84,61,68,3,3,3,2,4,3,3,4
24520,"1999-09-10","1",19,"0",1,65.5,155,635,"0:10:35",1,"art",2023,"December","Out of state",0,4,35,10,3,89,80,70,67,5,2,3,4,3,4,2,5
24594,"1997-09-14","1",21,"0",1,64,162,581,"0:09:41",3,"Interior design",2021,"December","Out of state",0,1,17,7,8,76,82,66,66,6,2,6,7,2,6,1,5
24608,"1998-03-14","1",21,"0",2,72,199.5,762,"0:12:42",3,"Astronomy ",2023,"May","In state",0,1,13,7,8,81,89,68,73,6,3,4,5,4,5,3,5
24691,"2000-03-25","0",19,"1",1,68,160.5,350,"0:05:50",1,,2025,"May","Out of state",1,,,9,4,83,82,70,63,4,3,4,4,4,4,3,4
24746,"1999-04-22","0",20,"0",1,75.5,152.5,376,"0:06:16",3,"physcology",2020,"December","In state",0,1,9,7,11,84,82,77,68,3,4,4,4,4,3,4,4
24818,,"0",,"1",1,73.5,167.5,386,"0:06:26",4,,2022,"May","In state",0,3,28,7,9,92,83,84,86,1,4,4,2,3,2,3,4
24845,,"1",,"1",1,66,130,425,"0:07:05",4,,2019,"December","In state",0,3,24,7,12,,91,70,62,4,3,5,4,3,4,3,5
24991,,"0",,"1",1,72,196.5,361,"0:06:01",3,,2021,"December","In state",0,3,18,10,13,104,88,78,72,3,2,4,3,4,3,4,3
25141,"1999-10-15","0",19,"1",1,71,147.5,384,"0:06:24",2,"Spanish",2025,"May","In state",0,3,27,8,8,86,84,79,64,4,4,4,4,2,4,3,4
25179,"1999-05-13","0",20,"0",1,76,261.5,508,"0:08:28",1,,2022,"December","Out of state",1,,,7,6,70,63,,74,4,2,5,4,2,5,3,4
25214,"2000-05-14","0",19,"1",1,72.5,,375,"0:06:15",1,,,,"In state",1,,,6,10,89,84,67,79,3,3,5,3,3,2,3,5
25381,"1998-04-08","1",21,"1",3,68.5,170.5,366,"0:06:06",3,"nursing",,,"In state",1,,,9,,89,87,70,72,3,4,3,2,5,3,5,2
25565,"1998-12-23","0",20,"1",1,70,167,383,"0:06:23",1,"management",,,"In state",0,3,28,11,,82,85,62,66,6,4,4,4,3,5,5,3
25608,"1999-07-11","0",20,"1",1,72.5,158,370,"0:06:10",3,"physic",2023,"May","In state",1,,,6,14,88,79,74,69,5,3,3,5,4,4,2,6
25716,"1996-11-06","1",22,"0",3,67,148.5,797,"0:13:17",3,"biz",2022,"December","Out of state",0,3,21,5,,93,80,72,52,4,4,3,4,4,4,4,5
25756,"1999-07-29","0",20,"1",,78,174,453,"0:07:33",3,"Classics and History",2024,"May",,0,2,14,5,,83,80,79,72,4,3,4,5,3,4,3,3
25801,"1999-03-22","0",20,"1",1,70.5,,426,"0:07:06",3,"biostatistics",,,"Out of state",0,3,32,6,8,95,72,74,74,3,5,3,3,6,2,5,2
25810,,"0",,"1",1,70,184,341,"0:05:41",3,,2023,"May","In state",0,1,20,7,8,68,79,74,80,4,3,3,4,3,4,3,3
25892,"2000-08-09","1",19,"0",3,59,115.5,672,"0:11:12",1,"Chemical Engineering / minor in math",2022,"December","Out of state",1,,,10,7,87,73,69,72,3,6,2,2,5,2,4,4
25943,"1999-08-03",,20,"1",3,74,169,461,"0:07:41",2,,2024,"May","In state",1,,,5,,72,73,59,67,4,3,4,4,4,4,3,4
26163,"1999-10-05","1",19,"0",3,63,124,422,"0:07:02",1,"broadcast journalism",2024,"May","In state",0,3,27,10,,87,90,59,70,7,4,3,6,3,6,2,4
26201,"1994-12-28","1",24,"1",1,65.5,138.5,494,"0:08:14",4,,2022,"May","In state",0,3,32,3,13,84,74,67,62,3,4,2,2,4,2,5,3
26214,"2000-09-30","0",18,"0",1,62.5,175,439,"0:07:19",1,"Nursing",2022,"December",,1,,,11,3,102,84,,70,4,3,5,3,2,5,3,5
26264,"1999-02-04","0",20,"1",1,64,159,458,"0:07:38",1,"haven't declared a major yet",2022,"December","In state",0,2,9,,5,74,69,69,67,2,5,3,2,4,3,5,4
26384,"1998-09-03","1",20,"1",1,68.5,,517,"0:08:37",3,"Nursing",2022,"December","Out of state",0,3,17,7,11,77,85,65,59,5,3,6,4,2,4,3,5
26477,"1999-06-05","0",20,"1",1,,174,353,"0:05:53",3,"undecided but leaning toward business",,,"In state",0,2,8,,9,87,78,74,64,5,3,4,4,3,5,3,4
26483,"1999-04-27","1",20,"0",1,64.5,176.5,668,"0:11:08",3,,2023,"May","In state",0,3,26,6,8,75,71,71,66,6,3,5,5,3,5,2,6
26551,"1993-10-09","1",25,"0",2,63.5,103.5,,,4,"Education",2021,"December","Out of state",0,2,3,8,17,77,71,49,69,5,1,6,5,2,5,2,6
26577,"1998-09-25","0",20,"0",1,65.5,162,445,"0:07:25",1,"Englis",2024,"December","In state",1,,,6,6,73,64,56,62,4,3,4,4,3,4,3,4
26581,"2000-06-25","0",19,"1",1,67.5,133,464,"0:07:44",2,"psychology",,,"In state",1,,,7,8,66,66,70,72,5,4,4,3,3,3,3,5
26601,"2001-08-21","0",18,"0",1,66.5,121,531,"0:08:51",1,"astrophysics",2022,"December","Out of state",1,,,7,9,73,69,50,59,4,3,4,4,3,4,3,4
26640,"1999-01-06","1",20,"0",1,70,144,739,"0:12:19",2,,2024,"May","Out of state",1,,,7,5,91,82,73,67,7,2,7,6,1,6,1,6
26814,"1998-09-08","1",20,"0",2,66,125,593,"0:09:53",2,"thaeter",2023,"May","In state",1,,,8,8,85,75,47,56,5,6,3,3,4,4,5,4
26839,"2000-01-25","0",19,"1",1,75.5,169.5,442,"0:07:22",1,,2024,"December","Out of state",1,,,3,9,84,86,77,74,3,4,5,2,4,4,4,4
26931,"1999-10-03","0",19,"0",,68,142.5,618,"0:10:18",2,"epidemeology",,,"In state",1,,,7,6,93,82,66,63,2,4,3,4,4,3,3,4
26977,"1998-09-27","0",20,"0",1,75.5,150.5,592,"0:09:52",3,"stats",,,"In state",0,3,21,8,6,95,83,72,66,5,3,6,5,2,5,2,6
27044,"1994-11-19","0",24,"1",1,69,159.5,354,"0:05:54",3,,2022,"May",,0,3,30,4,8,85,,58,62,2,4,2,2,6,2,5,3
27059,"1999-05-07","1",20,"1",1,66,121,508,"0:08:28",3,"french",2020,"December","In state",0,4,34,6,12,82,96,54,67,2,4,5,2,2,2,3,5
27128,"1996-05-09","0",23,"0",1,63.5,174,551,"0:09:11",3,"epidemiology",2021,"December","In state",0,1,14,11,5,,,64,69,3,3,4,3,5,3,3,5
27134,"1999-02-06","0",20,"1",1,68,176,318,"0:05:18",2,"commm studies",2024,"May","In state",1,,,7,6,78,80,67,68,3,4,3,2,6,3,4,5
27202,"1997-09-13","0",21,"1",1,74.5,,377,"0:06:17",2,"journalism",2023,"May","In state",0,3,22,6,6,85,90,65,66,5,4,3,4,5,5,5,4
27257,"1999-04-01","0",20,"1",1,75.5,166.5,415,"0:06:55",2,"business administration",2025,"May","In state",1,,,4,,82,87,71,68,4,4,2,3,6,2,4,2
27289,"2001-08-09","0",18,"0",3,71.5,177.5,352,"0:05:52",1,"agricultural studies",2024,"May","Out of state",1,,,10,5,78,78,62,64,5,3,5,4,3,4,3,5
27304,"1999-02-08","0",20,"1",1,78,174,453,"0:07:33",3,,2024,"May","Out of state",0,1,17,9,5,89,82,87,80,4,2,4,4,4,4,3,4
27412,"1998-08-02","0",21,"0",2,68,152,591,"0:09:51",1,"Marketing",2024,"December","In state",0,3,28,6,6,99,88,65,70,5,6,2,3,4,3,4,4
27460,"1999-09-22","1",19,"1",1,63.5,,365,"0:06:05",2,"Accounting",2021,"December","Out of state",,3,22,,3,75,81,49,63,4,2,4,4,3,3,3,4
27478,"2001-06-29","0",18,"0",1,75,193.5,398,"0:06:38",,"Paleontology",,,"In state",1,,,8,9,85,89,60,70,5,1,4,5,4,4,2,3
27492,"1999-03-27","0",20,"0",1,71.5,214.5,416,"0:06:56",2,,2021,"December","In state",1,,,4,10,74,82,54,62,2,3,5,3,4,2,3,4
27509,"2000-12-05","0",18,"0",1,71,164.5,383,"0:06:23",,,,,"In state",0,3,29,4,,74,89,65,63,4,4,2,2,5,2,4,4
27672,"2000-05-09","1",19,"0",1,72.5,190,624,"0:10:24",1,"bfa music",2024,"December","In state",1,,,10,4,85,82,63,60,3,3,3,3,5,2,4,3
27779,,"0",,"0",1,75,156,557,"0:09:17",1,,2023,"December","Out of state",0,3,30,8,,87,83,73,66,4,4,3,3,5,2,4,3
27855,"1997-08-18","1",22,"1",1,69,174,356,"0:05:56",4,"Double major in Sociology and Psychology, minor in history",2020,"December","In state",0,3,26,5,13,85,,86,78,5,1,6,5,2,6,2,5
27991,"1997-09-11","1",21,"1",1,67,170,401,"0:06:41",3,,,,"Out of state",0,1,8,11,,69,66,40,65,5,3,4,4,4,4,3,4
27999,"1998-02-08","0",21,"0",3,72,196,314,"0:05:14",1,"Mechanical enginering",2022,"December","In state",1,,,8,3,75,82,71,71,4,4,5,4,3,5,2,6
28090,"1994-11-17","1",24,"1",1,66,144,485,"0:08:05",1,"sociology",2026,"May","In state",1,,,7,5,81,77,55,69,7,1,7,7,1,7,1,7
28164,"1994-03-18","1",25,"0",,69.5,131.5,751,"0:12:31",2,,2025,"May","In state",0,3,26,8,5,80,85,55,65,4,4,4,3,3,3,4,3
28331,"2001-07-15","1",18,"0",1,65.5,168.5,585,"0:09:45",1,"Phys Ed",2025,"May","In state",1,,,10,1,77,85,70,,4,3,5,3,3,4,4,4
28421,"1999-11-20","1",19,"0",3,67,114,577,"0:09:37",1,"Geology",2022,"December","In state",1,,,10,,79,83,68,69,4,3,5,4,3,3,2,6
28492,"1997-11-20","1",21,"1",,71,186.5,366,"0:06:06",4,,2022,"May",,0,1,18,8,8,84,84,69,73,3,4,4,3,3,3,4,4
28512,"1996-02-22","0",23,"1",,75.5,165.5,445,"0:07:25",3,"what?",2020,"December","Out of state",0,3,23,10,3,81,87,56,61,2,4,2,2,5,2,5,2
28553,"2001-05-02","1",18,"0",1,62.5,144,783,"0:13:03",1,"education - social studies",2026,"May","In state",1,,,9,7,81,81,65,60,4,5,2,2,4,4,4,5
28589,"1996-12-24","1",22,"0",1,61,133.5,681,"0:11:21",4,"Secondary Education",2021,"December","In state",0,3,32,5,12,85,88,57,68,5,3,5,4,2,5,3,4
28606,"1998-12-05","1",20,"0",2,63.5,169,686,"0:11:26",3,"math ed",2022,"December","In state",0,3,30,,8,76,68,68,71,5,4,3,4,3,4,4,5
28759,"2000-09-29","1",18,"1",1,68.5,157.5,495,"0:08:15",1,,2022,"December","In state",0,4,37,10,,82,93,67,66,4,4,5,4,3,4,3,5
28767,"1995-09-22","0",23,"1",1,75.5,197.5,401,"0:06:41",3,"businness",,,"In state",0,3,26,10,6,85,76,77,65,4,4,3,4,5,4,4,2
28799,,"0",,"1",1,71.5,152.5,344,"0:05:44",3,,2021,"December","In state",0,4,39,6,6,83,77,76,79,3,2,4,4,3,3,3,2
28801,,"1",,"1",3,67,161.5,423,"0:07:03",1,,2023,"December","Out of state",0,3,31,9,5,80,81,75,77,5,3,5,4,2,5,2,5
28903,"2001-02-15","1",18,"1",3,65,131.5,397,"0:06:37",1,"Science Education",2025,"May","In state",1,,,4,7,85,89,50,71,5,2,4,4,3,4,2,5
28912,"1998-08-13","1",21,"0",1,69,165.5,583,"0:09:43",4,"Fine Arts (Painting)",2022,"May","In state",0,3,32,5,9,,91,80,79,4,3,5,3,4,3,4,4
29173,"2000-02-28","1",19,"0",1,64,147,,,,,2023,"December","In state",1,,,9,,88,88,68,70,3,4,3,3,4,3,2,6
29253,"1995-04-12","0",24,"1",1,65,141,473,"0:07:53",3,"it was biology but I switched to psych",,,"Out of state",0,1,17,6,13,77,88,55,59,4,3,4,3,4,5,3,4
29377,"2000-07-01","0",19,"0",,67.5,140.5,,,2,,2024,"May",,1,,,3,,,81,73,75,3,4,4,2,4,2,4,3
29405,"2001-08-07","0",18,"1",1,,189.5,378,"0:06:18",1,,2024,"May","In state",0,2,11,6,7,83,82,76,76,7,1,6,6,1,7,1,6
29418,"1999-09-06","1",19,"0",1,67.5,190.5,565,"0:09:25",1,,2023,"December","In state",1,,,8,3,78,72,62,,3,3,4,3,3,4,3,5
29584,"1998-07-10","1",21,"0",2,69.5,144,471,"0:07:51",4,,2023,"May","In state",0,4,27,5,18,87,80,67,75,2,5,4,2,5,2,4,4
29646,"1998-04-05","1",21,"0",2,58.5,111.5,896,"0:14:56",2,"Undecided",2023,"December","Out of state",,3,30,7,2,82,80,65,,5,5,3,3,4,3,3,5
29705,"2001-02-23","0",18,"1",1,70.5,182,353,"0:05:53",,"Social studies education",2025,"May",,1,,,13,3,72,61,53,61,6,2,6,4,2,5,2,6
29846,"1999-08-22","1",20,"0",1,72,200.5,635,"0:10:35",1,,2023,"December","In state",1,,,,,90,80,68,60,3,4,4,3,5,3,4,4
29925,"1999-12-31","0",19,"1",,69,141.5,405,"0:06:45",2,"Poli Sci",2024,"May","In state",1,,,6,5,92,80,65,57,2,5,2,3,4,2,4,3
29970,"1997-10-17","1",21,"0",3,63.5,169,686,"0:11:26",1,,2025,"May","In state",0,3,26,9,3,,91,58,69,5,4,4,4,4,5,3,4
29998,"2000-06-01","1",19,"0",1,67.5,191.5,618,"0:10:18",1,"nursing",2026,"May","In state",1,,,12,0,84,80,58,69,4,5,3,3,4,4,4,4
30215,"2000-05-09","1",19,"0",1,68,170,549,"0:09:09",1,,,,"In state",1,,,6,4,83,89,70,70,4,4,3,3,6,2,4,5
30241,"2000-11-03","0",18,"0",1,75,214,444,"0:07:24",1,,2026,"May","Out of state",0,3,24,6,6,94,98,68,70,3,5,3,2,4,4,4,5
30281,"2001-08-03","0",18,"0",1,76,210,456,"0:07:36",1,"biomed engineering",2024,"December","Out of state",1,,,,7,67,80,70,81,4,4,3,4,4,4,4,3
30324,"1999-11-19","0",19,"0",3,74,247,548,"0:09:08",1,"Comm",2025,"May","In state",1,,,10,7,82,84,59,58,5,2,4,4,3,4,3,4
30438,"1997-09-05","0",21,"0",3,69.5,201,381,"0:06:21",1,,2025,"May","In state",1,,,9,6,94,88,60,61,5,3,5,5,3,5,4,4
30447,"1999-01-06","1",20,"0",1,66,118,531,"0:08:51",3,"phys ed",2021,"December","Out of state",0,3,20,5,18,73,80,62,62,6,3,4,4,3,5,4,3
30662,"1998-06-01","1",21,"1",1,66.5,148,422,"0:07:02",3,,2020,"December","Out of state",0,3,19,10,6,90,87,63,65,5,4,4,3,3,5,3,6
30719,"1997-12-19","1",21,"0",1,65,114,525,"0:08:45",2,"Biology",2023,"May","Out of state",1,,,4,9,72,74,58,71,4,2,5,5,3,4,2,3
30762,"2001-05-21","0",18,"1",,72.5,173.5,347,"0:05:47",1,"polisci",2024,"December","In state",1,,,6,5,77,64,66,66,4,4,3,3,5,4,3,5
30820,"1998-01-03","1",21,"1",1,62.5,146.5,362,"0:06:02",2,"Pre-Law ",2024,"May","In state",0,3,27,6,8,82,86,64,72,6,2,6,5,1,6,1,7
31000,"2001-06-15","1",18,"0",2,72,157.5,417,"0:06:57",1,,2023,"December","In state",1,,,4,7,89,,58,79,5,2,4,4,2,5,2,6
31098,"1997-07-01","1",22,"0",1,72,217.5,640,"0:10:40",4,,2023,"May",,0,3,25,8,11,84,72,60,72,5,3,4,4,3,4,2,5
31110,"1999-02-12","1",20,"0",2,,104,655,"0:10:55",1,"n/a",2024,"May","In state",1,,,10,3,76,81,64,65,4,1,5,5,2,5,1,6
31132,,"1",,"0",3,67.5,145.5,450,"0:07:30",2,"Visual journalism (photojournalism)",2024,"May","In state",1,,,6,9,92,92,56,63,2,2,6,3,2,3,3,4
31261,"1999-04-22","1",20,"0",2,70.5,151.5,440,"0:07:20",2,,2023,"December","Out of state",1,,,7,3,82,75,76,73,3,3,4,3,3,3,3,4
31342,"2000-07-02","1",19,"1",,70.5,178,403,"0:06:43",1,"Math and computer science",2023,"December","In state",1,,,7,5,82,91,73,72,4,4,2,3,5,3,5,2
31355,"1999-07-20","0",20,"1",1,76,224.5,392,"0:06:32",3,"Nursing",2020,"December","In state",0,3,28,3,16,98,90,77,71,6,4,4,5,4,6,3,4
31423,"2000-12-01","1",18,"0",1,63.5,102,576,"0:09:36",1,,2022,"December","In state",1,,,9,5,83,,59,65,5,4,2,5,4,4,2,4
31522,"1998-10-01","0",20,"0",1,64,127,492,"0:08:12",3,"mathematics",2021,"December","In state",0,3,21,7,7,79,81,67,70,5,4,3,5,5,3,4,3
31598,"2000-03-25","0",19,"1",2,72.5,157,432,"0:07:12",2,"communication",2021,"December","In state",1,,,5,12,86,83,,63,4,5,3,3,4,5,4,4
31712,"1999-02-23","1",20,"0",1,68,124,384,"0:06:24",2,"biochemistry",2025,"May",,0,2,6,7,2,83,91,61,65,5,2,6,5,2,5,2,6
31726,,"1",,"0",1,64.5,110.5,483,"0:08:03",3,"film studies",,,"In state",0,3,24,6,9,85,77,63,,4,4,3,3,4,4,3,4
31777,"1999-07-10","0",20,"1",1,,,345,"0:05:45",3,"comm - broadcast journalism",2023,"May","In state",0,3,27,4,,70,75,,60,4,3,3,4,4,4,3,3
31808,"2000-09-27","1",18,"1",1,68.5,151.5,447,"0:07:27",,"Chemical engineering / minor in chemistry",2022,"December","In state",1,,,9,7,84,90,67,63,4,4,3,3,3,3,3,3
31827,,"1",,"0",1,65,137.5,820,"0:13:40",4,"Math ed",2019,"December","In state",0,3,26,5,16,77,75,61,,7,2,3,5,3,4,2,4
31867,"1997-09-20","1",21,"0",2,68.5,144,715,"0:11:55",3,,,,"In state",0,3,26,6,7,82,89,69,59,4,3,3,5,4,4,3,2
31939,"1999-12-11","1",19,"0",2,68,167.5,605,"0:10:05",1,,2025,"May","Out of state",1,,,10,1,76,77,68,65,5,4,4,2,4,4,4,6
31944,"1997-06-25","0",22,"1",,66,152,354,"0:05:54",4,"Human Development and Family Studies",2021,"December","In state",0,3,30,8,,95,82,80,70,4,5,2,2,5,3,5,3
32028,"1999-07-10","1",20,"1",1,68.5,,420,"0:07:00",2,,2023,"May","In state",1,,,10,,82,67,64,63,4,3,4,3,4,3,4,3
32057,"1999-03-12","0",20,"0",3,78,200,466,"0:07:46",2,"Economics",2021,"December","In state",1,,,6,7,76,75,58,74,6,2,5,4,3,5,3,4
32063,"1997-09-25","1",21,"0",1,59,94.5,545,"0:09:05",3,"Psychology and Statistics",2022,"December","Out of state",0,2,7,7,10,84,86,65,74,5,3,4,4,2,6,2,6
32109,"1998-02-11","1",21,"1",1,62.5,122.5,316,"0:05:16",3,"French",2024,"May","In state",0,3,26,8,10,80,75,69,71,5,4,6,4,3,5,3,5
32153,,"1",,"1",1,62,130,427,"0:07:07",1,,2025,"May","In state",1,,,6,5,88,96,58,67,5,2,5,4,3,4,3,4
32180,"2000-05-30","1",19,"0",1,63,,672,"0:11:12",2,"Photography/Photo Illustration",2022,"December","Out of state",,,,6,7,88,91,58,73,4,2,4,3,4,3,3,4
32188,"1998-07-08","1",21,"0",1,66.5,135,535,"0:08:55",1,,2024,"December","Out of state",1,,,8,11,85,79,53,59,4,3,5,4,2,5,2,5
32221,"1995-06-29","1",24,"0",3,,140.5,541,"0:09:01",2,,2023,"December","In state",1,,,6,3,86,83,63,66,5,2,5,6,2,6,2,6
32243,"2000-07-14","0",19,"0",1,61.5,105.5,384,"0:06:24",2,"Mechanical engineering, minor in French",2021,"December","In state",1,,,7,9,83,86,72,85,7,3,5,5,3,5,2,5
32298,"1999-06-10","0",20,"1",3,70,156.5,313,"0:05:13",2,"architecture",2023,"December","In state",1,,,11,8,79,74,69,69,4,4,4,3,4,4,4,3
32301,"1999-10-20","1",19,"0",1,68.5,196.5,,,1,"Math Education",2022,"December","In state",1,,,13,,74,,68,60,2,2,5,4,3,3,3,4
32305,"2000-01-27","1",19,"0",2,60.5,121.5,691,"0:11:31",1,,2023,"December","In state",1,,,9,2,84,92,55,68,4,4,3,3,4,3,3,5
32379,"2001-07-11","0",18,"0",1,66,145,624,"0:10:24",1,,2024,"December","Out of state",0,3,34,5,2,85,76,72,,4,5,4,4,3,5,4,4
32380,,"1",,"0",3,,,508,"0:08:28",1,"Physical Education",,,"Out of state",1,,,9,6,81,95,73,78,4,4,3,3,5,3,4,3
32558,"2001-02-01","1",18,"0",1,71,128.5,726,"0:12:06",1,"pan-african studies and english",2024,"December","Out of state",1,,,6,7,82,83,58,57,6,2,5,6,4,6,3,4
32603,"1996-05-24","1",23,"0",1,71.5,201.5,693,"0:11:33",4,"Elementary Education (K-6)",2023,"May","In state",0,2,6,7,14,87,99,58,76,3,5,3,2,5,2,4,5
32640,"2000-08-06","0",19,"1",1,72.5,165.5,439,"0:07:19",2,,2023,"December","In state",,,,5,2,82,69,65,,7,2,6,6,2,5,2,5
32652,"1997-10-23","0",21,"1",1,65.5,160.5,434,"0:07:14",2,"Gender Studies",2021,"December","In state",0,3,19,6,8,77,92,70,,4,4,4,4,3,5,3,5
32697,"1999-05-31","0",20,"1",1,71,176.5,413,"0:06:53",1,"I want to be a doctor",2023,"December","In state",0,1,10,6,13,77,,71,68,3,3,4,4,4,3,5,2
32757,"2000-05-06","1",19,"0",1,65.5,150,557,"0:09:17",2,"Soc",2024,"May","Out of state",1,,,7,6,84,86,67,78,3,4,3,3,5,3,5,2
32767,"1998-11-11","0",20,"0",,62,158.5,635,"0:10:35",3,,2022,"May","In state",0,3,24,8,7,91,85,75,76,5,3,5,4,3,5,3,5
32814,"2000-09-14","0",18,"0",2,76.5,,475,"0:07:55",1,"pre-med",2026,"May","In state",1,,,14,3,88,77,,,3,3,3,4,5,3,5,1
32834,"1999-02-14","1",20,"1",1,67.5,165,471,"0:07:51",2,"chem engineering",2021,"December","In state",0,1,18,,3,80,78,78,76,2,4,2,2,6,2,5,2
32862,"2001-05-07","1",18,"0",1,67.5,,595,"0:09:55",1,,2022,"December","In state",1,,,11,2,90,83,88,72,4,3,5,2,3,5,4,5
32869,"2000-11-09","0",18,"0",1,73,154,634,"0:10:34",2,"Philosophy (pre law)",2022,"December","In state",1,,,11,,81,74,79,73,3,4,2,2,5,2,5,3
32895,"1995-06-10","1",24,"0",1,67.5,125.5,427,"0:07:07",3,"I'm not answering this. This survey is too long and I am bored.",2023,"May","In state",1,,,5,11,86,80,69,68,5,2,5,3,3,4,4,5
32923,"2000-08-09","0",19,"1",1,73.5,212,383,"0:06:23",1,,2024,"May","In state",1,,,6,2,84,79,,70,5,2,5,5,3,5,2,5
33049,"1995-12-10","0",23,"1",1,76,225.5,399,"0:06:39",3,"nutrition",2022,"December","In state",0,3,28,4,10,74,79,74,71,6,3,4,5,3,5,3,3
33174,"1996-10-02","1",22,"0",2,68,120,665,"0:11:05",4,"Mathematics",2021,"May","In state",0,1,18,,19,79,81,67,74,7,2,5,7,3,7,1,6
33176,"1998-06-08","0",21,"0",1,76,231.5,600,"0:10:00",4,,2021,"May","In state",0,3,29,5,6,,82,60,76,2,4,3,3,4,3,3,5
33317,"1998-12-27","0",20,"0",1,60.5,161,483,"0:08:03",1,"Journalism",,,"In state",1,,,5,3,78,67,,,3,3,4,3,3,2,3,5
33431,"2000-01-09","1",19,"0",1,64,103.5,694,"0:11:34",1,,2024,"December","In state",1,,,9,5,89,81,66,69,4,3,5,4,2,5,3,3
33437,"1998-07-23","1",21,"1",1,,131.5,413,"0:06:53",3,,,,"In state",0,3,12,11,11,90,74,55,73,3,4,3,3,4,1,5,2
33485,"1994-01-21","0",25,"0",,,173,426,"0:07:06",4,"Business",2021,"December","In state",,3,28,6,11,85,83,69,70,5,3,3,4,5,3,3,4
33563,"1999-08-17","1",20,"1",1,67.5,,394,"0:06:34",1,,2023,"December","In state",1,,,12,2,90,90,71,60,3,6,1,2,6,1,6,3
33577,"1998-08-05","0",21,"1",2,77,192.5,413,"0:06:53",1,,,,"Out of state",0,3,21,9,5,80,84,72,75,5,3,5,4,3,4,3,4
33616,"2000-05-18","0",19,"0",1,75.5,225,464,"0:07:44",2,"Biology (Pre-med)",2022,"December","In state",1,,,6,5,74,76,64,64,4,4,2,5,5,4,2,4
33692,"1994-10-23","1",24,"0",1,71,207.5,485,"0:08:05",3,"Pre Med",2021,"December","In state",0,3,27,6,10,,81,76,68,6,2,5,6,2,4,2,5
33731,"2000-06-03","1",19,"1",2,70,174.5,310,"0:05:10",,"Theare",2025,"May","Out of state",1,,,8,5,89,93,64,74,2,4,3,2,5,1,5,2
33802,"1998-12-17","0",20,"1",1,73,193,384,"0:06:24",2,,2025,"May",,1,,,6,6,87,76,63,62,4,4,4,4,5,4,3,4
33885,"1998-02-23","0",21,"1",1,74,205.5,396,"0:06:36",3,,2020,"December",,0,4,31,8,10,78,70,59,55,5,3,4,4,5,4,2,4
33926,"1999-06-13","1",20,"1",1,65,150,446,"0:07:26",2,"Finance",2025,"May","In state",1,,,5,4,84,91,66,61,4,3,4,4,4,3,4,4
34028,"2000-02-07","0",19,"1",3,66.5,173,432,"0:07:12",1,"management",2024,"December","In state",1,,,10,3,72,63,68,67,4,5,2,3,6,2,5,3
34121,"1996-10-25","0",22,"0",1,67.5,,568,"0:09:28",3,"Elementary ed",2021,"December","In state",0,1,15,5,,88,84,70,75,5,3,3,4,4,5,2,4
34227,"1999-09-08","0",19,"0",,61,129.5,492,"0:08:12",1,"Forensic psych",2023,"December","In state",1,,,6,10,82,71,78,73,6,2,5,6,3,5,2,6
34239,"1997-07-04","0",22,"1",1,75,195.5,318,"0:05:18",2,,2023,"May","In state",1,,,11,3,88,77,66,73,4,3,5,3,4,4,3,5
34251,"2001-03-28","1",18,"0",1,71.5,,585,"0:09:45",1,,2024,"December",,0,3,22,8,6,87,88,56,74,5,2,6,6,1,5,1,7
34313,"1999-07-29","1",20,"1",1,68.5,172,408,"0:06:48",3,"social work",2022,"December","In state",0,4,32,4,13,82,79,62,60,4,2,3,4,3,4,3,4
34383,"1995-04-12","0",24,"1",,75.5,183,394,"0:06:34",3,"Civil engineering",2020,"December","In state",,3,21,5,12,72,76,65,65,5,2,6,4,1,6,2,6
34522,"1999-04-30","0",20,"1",1,71.5,172.5,349,"0:05:49",2,"Marketing & Graphic Design",2025,"May","In state",0,3,24,9,5,83,94,61,72,5,2,6,4,3,3,3,5
34640,"1998-08-10","0",21,"1",1,72,184.5,382,"0:06:22",2,"marketting",2025,"May","In state",1,,,7,6,80,81,68,72,6,2,5,5,3,6,2,4
34663,"1996-03-28","1",23,"0",3,61,106.5,447,"0:07:27",1,"philosophy",2025,"May","In state",1,,,10,3,80,85,74,75,4,2,5,4,3,4,2,4
34672,"1997-08-27","1",22,"1",1,66.5,133,385,"0:06:25",4,,2022,"May","In state",0,3,26,10,11,79,80,59,63,5,5,4,3,3,4,3,5
34696,"1995-06-15","1",24,"1",1,65,154,514,"0:08:34",4,,2019,"December","Out of state",0,1,22,5,10,76,66,55,63,5,1,6,4,2,4,2,7
34859,"1999-01-23","0",20,"1",1,72,157.5,439,"0:07:19",2,,2023,"May","In state",1,,,6,5,78,83,84,73,6,2,4,4,3,5,2,6
34873,"1998-12-30","1",20,"0",1,60,150.5,495,"0:08:15",1,,2022,"December","In state",0,3,26,7,6,,91,56,57,4,1,5,5,3,4,3,3
34925,"1999-12-11","1",19,"1",1,64.5,133,478,"0:07:58",1,"sports medicine",,,"Out of state",1,,,12,2,75,70,,69,3,4,4,3,4,2,4,3
34946,"2000-07-10","0",19,"0",1,69,,380,"0:06:20",,"chem and physics",2023,"December","In state",1,,,6,4,71,93,64,67,4,2,6,4,3,4,4,4
34956,"1999-05-10","0",20,"0",3,76.5,249.5,524,"0:08:44",1,"Hahahaha",2026,"May","Out of state",1,,,7,7,81,79,63,67,4,2,4,4,4,3,3,5
34986,"1997-02-13","1",22,"0",,63.5,,575,"0:09:35",3,,2020,"December","Out of state",0,3,25,8,11,76,79,63,61,6,1,6,7,1,5,1,6
35036,"2001-05-01","0",18,"0",1,69.5,189,519,"0:08:39",1,,2023,"December","Out of state",1,,,5,5,77,73,81,69,5,3,5,6,4,5,1,6
35145,"1998-10-19","1",20,"0",1,69,,629,"0:10:29",1,"mechanical engineering",2023,"December","Out of state",1,,,12,3,83,89,61,,4,2,5,3,3,3,3,5
35209,"1997-12-22","1",21,"0",1,72,200.5,490,"0:08:10",3,"spanish",2023,"May","Out of state",0,1,16,9,7,88,84,92,,3,4,4,3,5,4,4,5
35303,"1998-10-05","0",20,"0",,74.5,192.5,641,"0:10:41",1,"Pre-law",2025,"May","In state",1,,,9,2,73,82,65,59,7,4,5,5,3,5,3,5
35325,"1997-10-01","0",21,"0",3,62,149,400,"0:06:40",3,"Public Relations",2024,"May","In state",0,3,30,6,5,89,90,70,62,4,5,1,3,4,3,4,3
35358,"2000-07-08",,19,"0",2,71.5,153.5,463,"0:07:43",1,"English - Creative writing",2024,"December","In state",1,,,9,,79,80,71,63,2,5,3,2,4,2,4,4
35394,"1999-03-06","0",20,"0",1,75,,543,"0:09:03",1,"history with minor in philosophy",2025,"May","In state",0,3,30,7,4,87,83,,74,4,5,2,3,6,4,5,3
35550,"1998-04-22","0",21,"0",1,76,,437,"0:07:17",3,,2022,"December","In state",0,1,12,12,7,76,73,61,52,5,3,5,4,5,3,4,4
35905,"2001-05-19","1",18,"0",1,60,129,643,"0:10:43",1,"pre law",2025,"May","In state",0,4,35,9,5,85,78,46,72,5,3,4,5,2,5,3,4
35934,"2000-09-28","0",18,"1",1,68.5,152.5,301,"0:05:01",1,,2026,"May","In state",0,3,22,9,7,70,79,58,79,3,4,3,3,4,2,3,5
36000,"2000-04-05","0",19,"1",1,76,182,428,"0:07:08",2,"Applied math",2023,"May","In state",1,,,7,9,84,78,68,65,4,3,5,4,4,4,4,4
36015,"1999-05-30","1",20,"1",1,66,123.5,379,"0:06:19",2,,2024,"May","In state",,3,28,7,5,84,81,66,49,3,1,7,4,1,3,2,5
36115,"1999-12-20","0",19,"0",2,63,138.5,533,"0:08:53",2,,,,"In state",0,4,38,5,5,83,81,65,54,5,5,3,4,4,5,4,4
36133,"1999-08-05","1",20,"0",1,64.5,151,634,"0:10:34",1,,2025,"May","In state",1,,,11,5,75,,69,67,4,3,5,4,3,5,2,5
36186,,"0",,"1",1,68.5,165,462,"0:07:42",2,"I am currently exploring options",2023,"December","In state",1,,,7,,88,95,73,76,6,2,5,6,2,6,2,4
36191,"1999-02-04","0",20,"1",1,68.5,137,510,"0:08:30",3,"accounting",2022,"December","In state",0,3,16,3,11,88,85,63,80,5,4,5,3,2,5,2,5
36318,"1999-05-23","0",20,"0",1,72,171.5,669,"0:11:09",2,,,,"In state",1,,,5,5,64,82,76,80,5,4,5,6,2,5,3,5
36323,"1999-08-23","1",20,"0",1,71.5,178,460,"0:07:40",2,"eduactaion",2022,"December","Out of state",1,,,6,9,,,69,64,5,2,4,5,3,4,3,4
36380,"1994-08-23","0",25,"0",1,78,261,456,"0:07:36",4,"psychology",2023,"May","In state",0,3,24,7,15,76,74,52,63,6,2,5,7,3,6,1,5
36388,"1997-11-19","1",21,"1",1,66,122.5,442,"0:07:22",1,"early childhood education",2022,"December","In state",,3,24,8,,94,81,66,64,4,2,5,4,2,4,2,5
36477,"2001-07-28","0",18,"0",1,70,170,501,"0:08:21",1,,2026,"May","In state",1,,,6,8,85,73,70,63,4,5,3,4,4,3,3,6
36486,"1998-07-01","1",21,"0",1,,138.5,485,"0:08:05",3,,2021,"December","In state",0,3,26,,7,75,86,53,56,6,4,4,5,3,4,2,7
36496,"2001-06-16","1",18,"1",,66,,506,"0:08:26",1,,2024,"December","In state",1,,,12,6,,90,56,58,5,3,4,5,3,4,1,6
36568,"1995-06-14","1",24,"1",1,64,127,475,"0:07:55",3,"Theatre",2021,"December","In state",0,4,34,3,11,85,83,62,66,4,4,4,2,4,4,4,4
36592,"1999-11-24","1",19,"0",1,69.5,186,504,"0:08:24",1,"Pre-med",2026,"May","Out of state",0,3,31,9,1,78,85,59,,4,3,5,3,3,2,4,4
36725,"1999-08-02","1",20,"0",1,62.5,114.5,644,"0:10:44",2,,2023,"December","In state",0,3,20,9,,76,75,47,58,3,4,2,3,6,4,4,3
36757,"1998-07-11","1",21,"0",1,72,199.5,762,"0:12:42",3,"I haven't picked one yet",2021,"December","In state",0,3,20,9,11,79,78,60,74,4,3,4,4,3,4,3,5
36968,"1998-10-13",,20,"0",1,67,120.5,587,"0:09:47",2,,,,"Out of state",0,3,20,9,4,93,90,70,65,4,3,5,4,5,3,5,3
36985,,"0",,"1",1,68,154.5,335,"0:05:35",3,"Journalism",,,"Out of state",0,4,31,6,10,73,,71,68,4,3,3,4,4,3,4,4
37028,"1998-09-17","0",20,"1",2,75,217.5,333,"0:05:33",1,"nursing",,,"In state",1,,,7,10,70,71,58,58,4,2,6,4,1,4,2,5
37051,"1996-08-01","1",23,"0",1,61,137.5,733,"0:12:13",3,"nursing",2022,"May","In state",0,3,24,8,9,82,80,62,66,6,3,5,5,2,5,2,5
37058,"2000-05-05","0",19,"0",1,64,159.5,544,"0:09:04",1,"Pre med",,,"In state",0,4,37,8,4,84,72,69,80,5,1,5,5,3,4,2,5
37095,,"1",,"1",1,68.5,153,475,"0:07:55",4,"chem eng",2020,"December","In state",1,,,6,9,82,92,68,74,5,4,5,4,2,5,3,5
37249,"2000-12-02","0",18,"0",1,66,153.5,517,"0:08:37",1,"poli sci w/ minor in psychology",2024,"December","In state",1,,,8,4,96,85,68,71,4,3,4,3,2,5,2,5
37270,,"1",,"1",1,65.5,119.5,480,"0:08:00",3,,2022,"December","Out of state",0,2,4,9,6,81,83,83,68,5,4,4,4,2,5,2,5
37284,"2000-06-19","1",19,"0",1,71.5,132,660,"0:11:00",1,"Music Education",2022,"December","In state",1,,,10,1,82,91,59,70,4,4,3,4,5,4,5,3
37293,"1996-02-20","0",23,"1",1,64.5,157,360,"0:06:00",2,,2022,"December","In state",1,,,6,3,77,79,70,65,4,5,3,3,4,5,4,3
37300,"1999-03-20","0",20,"0",1,,142,306,"0:05:06",3,"nursing",2022,"May","In state",,3,33,6,6,86,77,67,62,4,3,5,5,3,4,3,3
37518,"2000-10-22","0",18,"1",1,77,189.5,380,"0:06:20",1,"chem",2022,"December",,1,,,13,0,91,89,61,61,6,2,5,5,3,5,2,5
37638,"1996-10-24",,22,"1",1,64,138,376,"0:06:16",2,,2022,"December","In state",0,2,2,12,6,71,71,54,60,4,4,4,5,4,5,4,2
37791,"2000-03-11",,19,"1",1,68,138.5,367,"0:06:07",1,"American History",,,"In state",0,3,31,9,6,89,,65,71,3,5,5,3,4,4,4,3
37971,"2000-05-09","0",19,"0",2,65,180,453,"0:07:33",1,"Premed",2023,"December","In state",1,,,,6,95,88,75,68,4,4,4,4,4,3,3,6
38034,,,,"0",2,69.5,175.5,568,"0:09:28",1,"graphic design with a minor in photography",2023,"December","Out of state",0,4,30,9,5,83,77,75,79,4,3,3,3,5,3,4,3
38102,"1998-07-07","1",21,"0",1,70.5,163.5,629,"0:10:29",2,,2023,"May","In state",,3,25,8,6,77,83,57,66,3,5,3,3,6,3,5,2
38158,"1997-01-15","0",22,"1",1,73,187,433,"0:07:13",4,,2020,"December","Out of state",0,3,17,6,19,77,90,65,73,5,3,4,4,3,4,3,4
38427,"1996-07-02","1",23,"0",1,59.5,,654,"0:10:54",4,"Pre law and minor in spanish",2021,"May","In state",0,3,24,8,10,82,73,49,64,5,5,2,3,6,3,5,3
38441,"1993-11-05",,25,"0",1,62.5,116.5,624,"0:10:24",,"double major english and communications",2025,"May","Out of state",,,,8,4,80,66,67,62,5,2,6,6,3,6,3,3
38444,"2000-08-11","1",19,"0",1,69.5,147,850,"0:14:10",1,"triple major in math, stats, and biology",2024,"May","In state",0,3,29,,,81,88,82,65,2,5,3,2,5,2,5,4
38446,,"1",,"0",1,66.5,157,483,"0:08:03",3,,2023,"May","In state",0,3,24,5,12,70,85,72,67,3,2,6,3,2,4,4,4
38474,,,,"1",1,63,123.5,480,"0:08:00",1,,2022,"December","Out of state",1,,,8,,80,78,,62,7,1,6,6,1,7,1,7
38496,"2000-01-07","0",19,"1",1,64,118.5,305,"0:05:05",2,,2022,"December","In state",0,3,34,3,8,98,91,71,,4,2,5,3,3,3,4,5
38503,"1997-09-16","0",21,"1",1,66,160.5,313,"0:05:13",3,"Art",2022,"May","In state",1,,,5,9,102,90,,70,3,5,2,1,5,3,4,4
38541,"1998-09-29","1",20,"0",3,73.5,203,511,"0:08:31",1,"Applied Mathematics",,,"In state",0,1,6,,7,78,88,58,70,4,2,4,3,3,4,2,5
38628,"1998-11-11","0",20,"0",1,70.5,215.5,434,"0:07:14",3,,2023,"May","In state",0,2,10,9,5,,83,66,62,4,4,2,3,6,2,4,2
38731,"1998-11-09","0",20,"0",1,64.5,129,686,"0:11:26",3,"International Bussness",2023,"May","In state",0,3,26,6,12,76,72,64,59,5,2,4,5,2,6,1,6
38762,"2001-01-07","1",18,"0",1,66.5,181.5,527,"0:08:47",1,,2025,"May","In state",1,,,9,5,82,82,60,64,6,2,5,5,2,6,2,6
38806,"1999-09-14","1",19,"1",1,64,156,441,"0:07:21",2,"Psyc",2021,"December","In state",1,,,6,8,81,89,56,,4,5,2,2,5,3,6,2
38862,"1999-11-14","0",19,"0",1,71.5,223,404,"0:06:44",1,,,,"In state",1,,,7,4,86,79,72,74,4,4,4,4,3,5,2,5
38931,"1999-07-23",,20,"1",1,69.5,138.5,437,"0:07:17",3,,2020,"December","In state",0,2,5,8,10,72,76,70,68,7,3,4,5,3,5,3,5
39030,"2000-12-20","0",18,"0",1,,194,465,"0:07:45",1,"fine arts",2023,"December","In state",1,,,12,7,,77,64,67,2,5,3,3,5,2,5,3
39080,"1998-11-30","1",20,"1",,,168,382,"0:06:22",3,"Higher Ed",2022,"May","In state",0,3,37,6,6,76,79,66,68,4,4,4,2,3,3,3,7
39112,"1999-11-13","1",19,"1",,65.5,140,449,"0:07:29",1,,2023,"December","Out of state",1,,,10,4,89,,54,69,3,5,2,2,6,2,4,4
39267,"1997-12-29","0",21,"0",3,76,,728,"0:12:08",3,"business and econ and spanish",2024,"May","In state",0,1,15,4,13,88,80,79,75,3,4,4,2,4,4,3,5
39292,"1998-03-30","1",21,"1",1,63.5,149,408,"0:06:48",3,"nutrition",,,"Out of state",0,1,13,9,5,86,93,82,72,3,4,2,2,5,3,4,3
39315,"2000-09-26","1",18,"0",3,59,118,807,"0:13:27",1,,2026,"May","Out of state",1,,,9,2,80,85,82,75,4,3,4,3,4,3,4,4
39370,"1999-02-15","1",20,"0",1,58.5,121.5,602,"0:10:02",1,"Astronomy ",2023,"December","In state",0,3,30,11,0,76,,37,59,3,3,6,2,3,2,4,4
39453,"1998-12-04","1",20,"0",1,58.5,138,,,2,"art historyy",,,"In state",1,,,14,4,88,87,67,71,5,3,5,4,3,5,3,5
39481,"2001-01-15","1",18,"1",1,,139,465,"0:07:45",1,"Linguistics and English",2024,"December","In state",0,3,31,7,3,80,87,73,70,4,3,3,3,4,4,3,4
39573,"2000-04-10","1",19,"1",1,66.5,126.5,457,"0:07:37",1,"stage management",,,"In state",1,,,8,3,89,97,79,66,4,3,4,5,4,3,3,3
39771,"1998-07-24","0",21,"1",1,68,152.5,407,"0:06:47",4,"Anthropology",2021,"May","In state",0,3,23,3,,81,78,51,61,5,2,6,3,2,4,3,5
39792,,"1",,"0",1,64.5,112,508,"0:08:28",2,"nursing",,,"In state",1,,,9,2,89,80,58,65,4,4,4,3,4,4,3,6
39803,,"0",,"1",2,68.5,157.5,441,"0:07:21",1,"Undecided",2024,"December","In state",1,,,7,4,84,75,65,81,3,3,4,2,3,2,3,5
39920,"1993-07-27","0",26,"0",1,69,198.5,558,"0:09:18",3,"Aerospace engineering",2024,"May","In state",0,3,30,4,12,61,77,64,60,3,4,2,2,6,2,3,5
40008,"1999-08-02","1",20,"0",1,63.5,146,684,"0:11:24",2,"Geograph & History",2021,"December","In state",0,3,18,11,7,82,79,58,55,5,2,6,5,2,5,2,4
40182,"1999-02-11","0",20,"1",1,71,157,469,"0:07:49",2,,2025,"May","Out of state",1,,,,5,78,78,59,61,4,2,6,3,3,3,3,5
40192,"1999-05-11","0",20,"0",1,68,,471,"0:07:51",3,,2021,"December","In state",0,2,7,7,15,84,75,66,72,6,2,5,6,3,5,2,5
40237,"2000-03-16","1",19,"0",2,73.5,206,665,"0:11:05",1,"political science",2022,"December","Out of state",1,,,5,9,77,78,64,,3,3,6,4,2,4,2,6
40322,"1995-12-17","1",23,"1",1,62.5,,511,"0:08:31",4,"none of ur bisness!",2021,"December","In state",0,3,28,4,17,91,96,72,73,5,2,5,5,5,4,3,3
40334,"1996-02-04","1",23,"0",3,68.5,191.5,,,3,,2024,"May","In state",0,3,20,7,9,74,62,60,74,6,1,7,6,1,7,1,7
40369,"1998-12-31","1",20,"1",1,64.5,152,428,"0:07:08",1,"communications with concentration in media literacy",2024,"December","In state",1,,,7,8,80,76,63,66,4,3,3,3,5,3,3,4
40543,"1998-05-17","1",21,"0",1,70,134,696,"0:11:36",3,"Chemstry",2022,"December","In state",0,3,23,8,15,83,77,64,65,4,4,2,3,5,3,4,3
40577,"1996-03-12","0",23,"1",1,77.5,,329,"0:05:29",3,,2024,"May","In state",,2,25,6,4,81,78,69,74,6,3,3,5,5,4,4,3
40653,,"1",,"0",1,69.5,204.5,606,"0:10:06",2,"science education (k-12)",2021,"December","In state",1,,,7,7,80,79,78,72,5,3,4,5,3,5,3,4
40674,"1994-02-28","0",25,"0",,73,159.5,341,"0:05:41",4,"Pre-law",2021,"May","In state",0,3,22,3,18,91,84,,57,3,4,3,2,5,3,4,3
40723,"1999-09-17","0",19,"0",1,74.5,184.5,401,"0:06:41",2,"music performance - saxophone, minor in piano performance",2021,"December","In state",1,,,6,9,74,88,61,59,6,1,6,6,2,5,2,4
40767,"2000-12-23","1",18,"0",3,68.5,150,,,1,"education",2024,"December","In state",1,,,4,4,80,94,51,65,3,4,4,3,4,2,5,2
40807,"1997-05-17","1",22,"0",3,67,136.5,440,"0:07:20",,"busieness and marketing",2020,"December","Out of state",0,2,11,,10,86,79,,70,5,4,4,4,3,3,2,6
40840,"1998-11-22","0",20,"0",1,69.5,131.5,499,"0:08:19",3,"Psych",2023,"May","In state",0,1,15,13,4,68,81,68,71,4,5,2,2,5,3,4,3
40859,"1995-09-25","0",23,"1",3,,141,419,"0:06:59",3,"Science",,,"Out of state",0,4,35,5,15,79,84,66,69,5,5,4,4,3,6,3,5
40885,"2001-02-09","1",18,"0",1,59.5,,654,"0:10:54",1,,2024,"May","Out of state",1,,,9,9,89,75,57,55,3,5,2,1,5,2,5,4
40901,"1999-07-08","0",20,"0",1,68,140.5,422,"0:07:02",2,"Econ and Finance",2021,"December","In state",1,,,5,10,76,79,59,60,3,4,2,2,4,2,4,4
40903,"1999-03-08","0",20,"0",,71.5,152,490,"0:08:10",2,"Civil engineering",,,"In state",1,,,4,4,75,69,53,59,4,2,5,3,3,3,3,6
40967,"1996-10-19","1",22,"1",1,64,143.5,445,"0:07:25",2,,2022,"December","In state",1,,,7,7,76,76,67,68,5,1,6,3,2,3,3,4
41288,"1995-11-05","0",23,"1",1,68.5,176.5,458,"0:07:38",2,"aaaaaaaaaaaaaa",2023,"December","In state",1,,,5,8,84,88,,91,4,4,4,3,3,4,3,5
41400,"2000-11-19","1",18,"0",1,62.5,,473,"0:07:53",1,"bisness",2025,"May","In state",1,,,9,5,73,79,62,61,4,3,4,3,3,4,4,4
41443,"1993-03-29","1",26,"0",1,63,127,618,"0:10:18",3,"HDFS",,,"In state",0,4,32,6,11,85,81,71,66,4,4,4,3,4,4,5,5
41451,"1998-01-29","1",21,"0",1,65.5,175.5,783,"0:13:03",4,"premed",2022,"May","Out of state",0,1,10,7,13,83,80,75,74,3,3,3,4,4,3,3,3
41636,"1995-01-03","1",24,"0",1,66,121,545,"0:09:05",1,"comm studies and minor in marketing",2026,"May",,1,,,9,4,82,81,74,73,3,4,2,1,6,2,6,1
41724,"1995-12-08","0",23,"0",1,,216,401,"0:06:41",3,,2021,"December","In state",0,4,36,5,12,76,67,62,47,6,2,6,5,2,5,2,6
41861,"1995-09-03","0",23,"1",1,74.5,203.5,345,"0:05:45",4,,2020,"December","Out of state",0,3,24,6,,90,96,63,74,6,4,3,4,5,4,3,5
42044,"2001-06-05","1",18,"1",1,63.5,133,412,"0:06:52",1,"journalism",2022,"December","In state",1,,,8,7,80,81,59,60,6,2,5,5,3,5,2,4
42225,"1995-12-20","0",23,"1",1,73,165.5,369,"0:06:09",3,"Education - Science",2020,"December","In state",0,3,28,,8,102,92,66,55,4,4,5,3,3,5,3,5
42255,"1993-11-21","0",25,"0",1,,192,353,"0:05:53",2,"Social work",2023,"May","In state",0,3,14,14,5,80,68,71,65,3,6,3,1,5,3,6,3
42256,"1999-04-07","0",20,"0",1,72.5,194.5,554,"0:09:14",1,"business admin",2023,"December","Out of state",1,,,10,7,83,82,65,55,5,2,4,4,4,4,2,5
42396,"2000-06-11","0",19,"0",1,72,211.5,632,"0:10:32",2,"finance and economics",2023,"May","In state",1,,,8,8,87,77,64,76,3,4,4,4,4,4,4,4
42455,"2001-07-18","1",18,"1",1,64.5,143.5,443,"0:07:23",1,"Mathematics education",2025,"May","In state",1,,,,3,86,68,76,71,3,4,5,4,3,4,3,5
42481,"2000-10-12","0",18,"0",1,73,183,510,"0:08:30",,"eudcation",2024,"December",,1,,,8,5,85,74,73,,3,4,3,3,5,3,4,3
42516,"1999-10-23",,19,"0",1,64.5,124.5,435,"0:07:15",1,"Art education",2024,"December",,1,,,11,2,80,77,69,61,6,2,4,5,4,4,3,3
42647,"1999-05-09","1",20,"0",,65.5,170.5,529,"0:08:49",2,"  spanish language education",2024,"May","In state",1,,,5,7,74,86,62,53,5,2,5,5,3,4,2,6
42666,"2000-04-26","0",19,"0",1,61,136.5,708,"0:11:48",1,,2024,"December","In state",1,,,9,11,81,82,63,66,5,3,2,5,5,4,3,3
42703,"2000-05-18","0",19,"0",1,72.5,183.5,478,"0:07:58",1,,2023,"December","In state",1,,,5,9,80,65,58,63,3,3,4,3,3,4,3,5
42720,"1995-11-15","0",23,"1",1,68.5,159,404,"0:06:44",2,"photography",2023,"May","In state",1,,,6,6,,84,57,57,5,2,5,4,4,5,4,3
42723,"1999-04-01","0",20,"1",1,72.5,177.5,458,"0:07:38",2,"English and History",2023,"December","Out of state",1,,,11,4,93,99,74,68,4,3,4,4,3,5,3,4
42824,,"1",,"1",1,65.5,149,392,"0:06:32",1,,2025,"May","In state",0,3,23,10,2,90,82,,71,5,4,2,4,5,4,3,4
42904,,"0",,"0",2,74.5,241.5,499,"0:08:19",2,"Aerospace engineering",,,"Out of state",1,,,8,10,75,86,62,66,5,4,4,4,3,4,3,4
42915,"1999-06-28","1",20,"1",1,63,122,372,"0:06:12",2,,2023,"December","In state",0,3,31,4,5,,79,73,68,3,5,2,3,5,3,4,3
42930,,"1",,"1",1,65.5,135.5,512,"0:08:32",2,,2022,"December","In state",0,3,29,9,,76,68,44,73,5,2,5,5,2,5,2,5
43018,"1998-06-09","0",21,"1",2,77,226,472,"0:07:52",3,"Physics",2021,"December","Out of state",0,3,23,5,8,83,87,73,74,4,4,3,3,3,4,4,4
43044,"1999-05-21","1",20,"0",1,65.5,,514,"0:08:34",3,"history",2021,"December","In state",0,1,20,9,3,84,78,62,73,4,2,4,5,2,4,2,4
43207,"2000-05-20","0",19,"1",1,74,,379,"0:06:19",1,,2022,"December","In state",0,3,21,10,,81,83,76,67,4,5,3,4,5,6,4,4
43484,"2001-02-25","0",18,"0",1,67,146.5,391,"0:06:31",2,"History",2022,"December","Out of state",0,2,2,8,6,82,75,66,72,5,3,5,4,3,4,3,4
43593,"1997-10-07","1",21,"0",1,70,150,,,4,"botany",2019,"December","In state",0,3,25,3,18,87,76,45,60,3,3,3,3,3,3,3,3
43634,,"1",,"1",1,,136,341,"0:05:41",2,"Nursig",2022,"December",,1,,,5,11,83,77,60,66,3,2,5,4,1,3,2,5
43835,"1998-02-18","0",21,"1",1,75.5,,442,"0:07:22",3,"commmunciations",,,,0,3,27,,13,81,75,66,74,5,4,2,5,4,4,3,3
43861,"1998-02-02","1",21,"0",1,72.5,163,498,"0:08:18",2,,,,"Out of state",0,3,27,7,9,85,,,70,4,2,4,4,5,4,4,4
43870,,"1",,"0",1,67.5,,466,"0:07:46",1,"comp sci",,,"Out of state",1,,,9,4,85,85,,71,4,5,4,4,3,5,4,4
43988,"1996-04-29","0",23,"0",2,73,206.5,568,"0:09:28",2,,2021,"December","Out of state",1,,,5,12,89,88,74,64,4,4,3,3,5,2,4,4
44169,"2000-10-21","0",18,"0",3,68.5,157.5,331,"0:05:31",1,,2023,"December","In state",1,,,4,5,72,79,62,58,4,3,4,4,5,3,4,4
44193,"1996-11-19","1",22,"0",1,70,129.5,418,"0:06:58",4,"biz admin",2023,"May","In state",0,3,24,,15,90,70,57,66,5,4,4,4,4,4,3,5
44278,"2001-04-23","0",18,"0",1,73.5,241.5,519,"0:08:39",1,"bphil",2024,"December","In state",1,,,9,5,89,81,83,64,5,3,3,4,4,4,3,4
44514,"1998-10-16","1",20,"0",1,72.5,149,571,"0:09:31",2,,2023,"December","In state",0,3,20,10,7,89,98,80,76,3,3,6,4,3,3,3,5
44662,"2000-01-22","1",19,"0",,70,205.5,539,"0:08:59",1,"statistics",,,"In state",1,,,8,6,82,89,74,66,5,2,5,4,2,5,2,4
44687,,"0",,"0",2,61.5,112,351,"0:05:51",2,,2023,"December","In state",,,,6,11,78,67,73,64,3,5,3,3,5,2,5,2
44727,"2000-03-15","1",19,"1",1,71,151.5,454,"0:07:34",2,,2021,"December","In state",1,,,8,,82,67,67,63,5,3,3,6,5,5,3,3
44731,"2000-04-14","1",19,"0",1,67,114,578,"0:09:38",1,"Philosophey",2026,"May","In state",1,,,12,3,80,75,60,66,3,4,3,3,3,4,3,5
44775,"1998-09-11","1",20,"0",1,64.5,135,533,"0:08:53",3,"Studio art",2020,"December","In state",0,2,11,8,8,76,75,64,62,6,2,5,5,2,6,2,6
44841,"2000-05-23","1",19,"1",3,69.5,135,485,"0:08:05",1,,,,"In state",0,4,32,9,5,81,61,70,69,3,4,2,2,5,2,5,4
44849,"1999-04-23","1",20,"0",1,71,183,553,"0:09:13",2,"interior Design",2023,"December","In state",1,,,7,5,88,83,55,57,5,3,4,5,3,5,3,3
45041,"1998-12-01","1",20,"0",1,65,121,693,"0:11:33",1,,2025,"May","In state",1,,,8,5,85,87,62,69,5,2,5,5,3,5,2,4
45098,"1999-12-29","0",19,"1",1,65,154,501,"0:08:21",1,"Arcitecture",2024,"December","Out of state",1,,,9,6,79,72,74,73,2,3,4,2,3,3,4,4
45211,,"0",,"1",1,73,188.5,,,2,"Geography",2024,"May","In state",1,,,10,8,93,93,62,64,5,3,4,5,4,3,3,4
45320,"1999-10-07","0",19,"0",1,76,,454,"0:07:34",2,"nursing",2023,"May","Out of state",1,,,11,2,87,89,72,73,2,3,3,2,4,2,4,4
45494,"1999-08-11","0",20,"0",1,75,178.5,477,"0:07:57",2,,2023,"December","In state",1,,,6,5,,79,81,73,4,4,4,3,3,3,3,5
45553,"2000-01-19","1",19,"0",1,68,,589,"0:09:49",1,"comm studies",2026,"May","In state",0,3,30,7,3,85,104,58,66,2,4,3,3,6,2,5,1
45615,"1998-12-16","0",20,"0",2,62.5,118,492,"0:08:12",2,,,,"In state",1,,,5,6,87,92,60,69,4,4,4,4,5,3,3,3
45624,"1997-07-20","0",22,"1",3,71.5,162,361,"0:06:01",4,"jhlksjhreksh",2023,"May","In state",0,1,17,6,10,,83,80,83,5,2,5,5,1,5,2,5
45629,"2000-07-12","1",19,"1",1,62.5,120,461,"0:07:41",2,"Management and finance",2021,"December","Out of state",1,,,7,5,83,82,71,72,1,4,3,1,4,2,4,4
45630,"1999-08-06","1",20,"0",1,66,,417,"0:06:57",3,,2022,"December","In state",,3,28,7,10,89,85,61,68,7,2,5,6,1,7,1,5
45950,,"0",,"0",1,72.5,166.5,487,"0:08:07",2,"nursing",,,"In state",1,,,12,2,79,79,65,50,3,6,1,2,5,2,5,4
46122,"1996-10-01","0",22,"0",1,67.5,,496,"0:08:16",4,"geology",2023,"May","In state",0,4,34,5,17,89,79,68,73,5,2,5,5,3,4,3,4
46154,"2000-10-01",,18,"0",1,63.5,173,479,"0:07:59",2,,2024,"May",,0,3,33,10,4,93,83,,65,6,2,7,6,2,6,2,6
46174,,"0",,"1",1,69.5,158.5,434,"0:07:14",1,"business admin",2023,"December","In state",1,,,,2,76,75,61,68,5,1,5,6,3,5,2,5
46451,"2000-07-04","1",19,"1",1,67.5,,360,"0:06:00",2,,2021,"December","In state",1,,,9,4,78,79,65,60,4,4,2,3,4,4,3,4
46462,"1998-07-11","1",21,"1",1,65,152.5,491,"0:08:11",3,"music - piano performance",2023,"May","In state",0,3,19,8,12,83,79,71,72,6,4,5,4,2,6,3,6
46779,"1998-10-09",,20,"0",1,,111,350,"0:05:50",1,"Education Administration",2024,"May","In state",1,,,7,5,79,69,71,80,4,2,4,4,2,5,2,5
46813,"1996-01-06","1",23,"0",1,62.5,111.5,724,"0:12:04",3,,2023,"May","In state",0,3,33,3,8,91,,78,80,6,1,7,6,1,6,1,7
46845,"1996-09-02","1",22,"1",1,68.5,158.5,462,"0:07:42",3,"fnrech  ",2020,"December","In state",0,3,25,5,12,77,72,64,70,3,2,4,3,3,2,3,4
46889,"2000-07-07","1",19,"0",1,64.5,133,694,"0:11:34",2,,2023,"May","In state",1,,,6,6,80,73,61,60,6,5,3,4,4,5,3,4
47057,"2000-12-08","1",18,"0",1,70.5,,427,"0:07:07",1,"Anthropology",2025,"May","In state",0,3,16,11,4,80,80,73,68,2,3,4,3,4,3,3,4
47228,"1996-06-26","0",23,"0",3,69.5,131.5,499,"0:08:19",3,,2024,"May","In state",0,3,28,5,,65,65,68,68,3,5,3,2,4,4,5,4
47242,"1997-04-02","1",22,"0",,66,181,618,"0:10:18",4,"dance",2021,"May","In state",0,1,16,4,25,80,75,73,82,5,4,4,5,3,5,2,5
47617,"2000-04-06","1",19,"0",1,65,122.5,640,"0:10:40",1,"Pan-African Studies",2024,"December",,1,,,9,4,86,87,63,65,5,3,4,5,3,5,3,3
47652,"1999-03-20","0",20,"0",1,74,246,331,"0:05:31",2,"management",2022,"December","In state",0,1,14,11,4,79,77,79,73,6,1,7,6,1,7,1,7
47656,"1998-10-03","1",20,"0",1,62,98.5,600,"0:10:00",3,,2024,"May","In state",0,3,30,4,8,79,83,56,69,4,4,5,3,1,4,3,6
47680,"1998-02-05","0",21,"0",,74.5,209,621,"0:10:21",2,"Computer Science, minor in Japanese",2023,"May","Out of state",1,,,8,3,97,89,79,83,2,3,4,3,4,3,3,4
47794,"1996-03-24","1",23,"0",1,71.5,180.5,453,"0:07:33",1,"finance   ",2025,"May","In state",1,,,,2,82,74,78,,6,1,5,6,2,7,1,5
47885,"2001-05-02","1",18,"1",1,70.5,152.5,351,"0:05:51",1,"Architecture",2023,"December","In state",1,,,4,6,81,77,62,62,7,1,6,7,2,7,1,6
47906,"1998-03-02","1",21,"1",1,67,142,380,"0:06:20",4,"Undecided",2019,"December","In state",0,3,18,5,18,73,75,62,59,3,5,4,2,3,3,4,5
47988,"2001-02-18","1",18,"1",,65.5,141.5,490,"0:08:10",1,,2026,"May","In state",1,,,10,,,85,56,61,5,3,3,3,5,3,3,5
48021,,"0",,"0",,72.5,192,539,"0:08:59",3,"Sociology",2021,"December",,0,3,26,6,10,98,72,67,64,4,4,2,4,4,4,4,2
48111,"1998-03-29",,21,"0",1,63,144,769,"0:12:49",3,"undecided",2023,"May","In state",0,3,27,7,5,74,71,65,69,6,2,6,6,2,6,1,5
48120,"2000-08-26","0",19,"1",3,,167,329,"0:05:29",2,"Sport Medicine",2022,"December","In state",0,3,16,8,9,83,81,72,66,4,4,2,4,5,2,4,2
48175,"1998-08-08","1",21,"0",1,64,162,581,"0:09:41",2,"Political Science",2023,"May","In state",0,3,38,10,1,,93,,68,5,3,4,4,3,3,3,5
48181,"1997-04-17","0",22,"1",1,68,153,351,"0:05:51",2,,2022,"December","In state",1,,,9,5,80,65,62,71,4,4,3,4,4,5,4,3
48183,"1998-03-20",,21,"0",1,63.5,168.5,639,"0:10:39",3,,2024,"May","In state",0,4,42,5,5,89,78,82,77,4,4,2,2,5,2,4,4
48298,"2000-02-20","1",19,"0",1,69,148,451,"0:07:31",2,"communications",2023,"December","In state",1,,,6,6,82,81,71,73,2,2,4,4,5,2,3,4
48501,"1999-04-22",,20,"1",1,69,141.5,405,"0:06:45",2,"spanish and french",2024,"May","In state",1,,,6,3,86,77,66,66,4,4,2,2,5,3,5,3
48557,"1998-02-16","1",21,"1",1,,149,320,"0:05:20",3,,2022,"December","Out of state",0,2,8,8,6,85,87,48,65,5,3,3,2,3,4,4,3
48561,"2000-09-05","1",18,"0",1,72.5,149,571,"0:09:31",1,"Pre-law",2022,"December","Out of state",0,3,27,10,5,80,65,72,73,6,2,6,6,2,6,1,7
48573,"1999-02-17","1",20,"1",2,66,150.5,396,"0:06:36",2,"journalism",2023,"December","In state",0,4,39,8,5,91,88,63,60,5,1,6,6,3,5,2,4
48592,"1999-07-03","0",20,"1",3,75,215.5,453,"0:07:33",3,"Education - Pre-K",,,"In state",0,3,37,3,9,83,64,67,68,4,5,4,2,3,4,4,4
48611,"2000-03-29","1",19,"1",1,64,126,447,"0:07:27",1,,,,"In state",1,,,12,4,79,102,73,,5,4,3,3,5,3,4,4
48653,"1999-09-21","1",19,"0",2,63.5,121,611,"0:10:11",1,,2022,"December","Out of state",1,,,11,3,75,98,65,61,5,2,5,5,2,5,2,5
48775,"2001-05-30","0",18,"1",1,64,159,458,"0:07:38",2,"Geography",,,"In state",1,,,7,5,84,87,65,62,6,2,6,5,2,6,2,6
48835,"1999-05-18","1",20,"0",1,70,210,718,"0:11:58",2,"Aerospace engineering",2022,"December","In state",0,4,41,4,,89,86,73,72,5,2,6,4,2,4,2,4
49070,"1997-05-08","0",22,"0",1,69.5,196.5,589,"0:09:49",2,"World history",,,"In state",1,,,8,5,77,80,55,61,5,2,5,5,3,4,3,4
49116,"1999-01-15","1",20,"1",1,63,140.5,447,"0:07:27",1,,2024,"May","Out of state",1,,,6,6,79,70,69,79,6,2,6,5,3,6,2,7
49135,"1994-03-19","0",25,"0",1,74.5,250.5,506,"0:08:26",3,"english literature",2022,"May","In state",0,3,28,6,9,92,,64,66,7,3,5,6,5,6,2,6
49176,"1999-02-24",,20,"0",1,71.5,146.5,585,"0:09:45",3,"nutrition",2022,"May","In state",1,,,6,8,82,71,69,68,5,2,5,4,4,5,2,6
49212,"1998-03-14","0",21,"0",1,66,190,430,"0:07:10",3,,2024,"May","In state",0,1,18,5,9,85,87,76,72,4,4,4,4,3,3,4,4
49370,"1998-11-01","0",20,"0",1,71,181.5,507,"0:08:27",2,"don't know yet",2021,"December",,0,3,29,3,7,91,73,70,67,5,2,5,5,2,5,2,5
49407,"2000-04-18","0",19,"1",1,74,185.5,397,"0:06:37",1,"CS & math double major",2024,"May","Out of state",0,3,28,10,4,89,86,69,72,3,3,5,4,4,4,3,4
49546,"1999-09-30","1",19,"0",3,62.5,112,688,"0:11:28",2,"english composition",2024,"May","Out of state",1,,,9,2,87,79,65,,6,2,5,5,4,5,2,5
49627,"1999-06-03",,20,"0",3,66,189.5,434,"0:07:14",3,,2023,"May",,0,2,10,5,7,87,77,70,64,5,4,4,4,3,5,4,4
49729,"2000-07-05","1",19,"0",2,68.5,,459,"0:07:39",2,"Environmental Science",2023,"May","In state",1,,,7,4,82,83,71,85,4,6,1,3,6,3,5,2
49833,"2000-01-31","1",19,"0",1,64,137,575,"0:09:35",1,,2024,"May",,1,,,5,4,90,91,74,68,4,5,4,3,4,4,4,5
49844,"1999-07-11","0",20,"0",3,71.5,223,404,"0:06:44",2,"Graphic Design",,,"In state",0,3,24,,6,75,79,66,,6,3,3,4,5,3,3,4
49851,,"0",,"1",1,73.5,164,410,"0:06:50",1,,,,,1,,,9,3,86,76,59,71,5,2,5,4,2,5,2,5
49863,"1999-08-28","1",20,"0",1,61.5,125,,,3,,2022,"May","In state",0,3,24,3,12,80,88,70,82,4,4,2,3,6,3,4,3
49977,,"0",,"1",1,70,182,396,"0:06:36",4,"Accounting",2020,"December","In state",0,4,28,7,15,94,83,77,72,3,6,2,3,6,3,5,2
